<?xml version="1.0" encoding="UTF-8"?>
<project-private xmlns="http://www.netbeans.org/ns/project-private/1">
    <editor-bookmarks xmlns="http://www.netbeans.org/ns/editor-bookmarks/2" lastBookmarkId="0"/>
    <open-files xmlns="http://www.netbeans.org/ns/projectui-open-files/2">
        <group>
            <file>file:/C:/OpenServer/domains/localhost/Spalah/Artjoker/oblast.php</file>
            <file>file:/C:/OpenServer/domains/localhost/Spalah/Artjoker/users.php</file>
            <file>file:/C:/OpenServer/domains/localhost/Spalah/Artjoker/dbcontroller.php</file>
            <file>file:/C:/OpenServer/domains/localhost/Spalah/Artjoker/index.php</file>
            <file>file:/C:/OpenServer/domains/localhost/Spalah/Artjoker/rajon.php</file>
        </group>
    </open-files>
</project-private>
